sku,name,brand,slug
"28711","BURIED TREASURE ACF EXT STRENGTH PM","Buried Treasure","buried-treasure-acf-ext-strength-pm"
"28710","BURIED TREASURE ACF PM","Buried Treasure","buried-treasure-acf-pm"
"28706","Irwin Libido Max Red","Irwin Naturals","irwin-libido-max-red"
"28708","Irwin Magnesium PM","Irwin Naturals","irwin-magnesium-pm"
"28707","Irwin Magnesium w/Milk thistle & Turmeric","Irwin Naturals","irwin-magnesium-w-milk-thistle-turmeric"
"28701","Life Ext","Life Extension","life-ext"
"28703","LIfe Ext D L-Phenylalanine 500mg","Life Extension","life-ext-d-l-phenylalanine-500mg"
"28704","Life Ext Enhanced Sleep","Life Extension","life-ext-enhanced-sleep"
"28702","Life Ext Huperzine A","Life Extension","life-ext-huperzine-a"
"28705","Life Ext Immune Packs C D Zine Probiotic","Life Extension","life-ext-immune-packs-c-d-zine-probiotic"
"28700","Life Ext Vitamin B3 Niacin","Life Extension","life-ext-vitamin-b3-niacin"
"28686","Life Extension Vitamin C liposomal","Life Extension","life-extension-vitamin-c-liposomal"
"28698","LIFE-FLO MAGNESIUM OIL SPRAY With aloe vera","Life-Flo","life-flo-magnesium-oil-spray-with-aloe-vera"
"28697","LIFE-FLO PURE MAGNESIUM OIL SPRAY","Life-Flo","life-flo-pure-magnesium-oil-spray"
"18103","NATURE'S PLUS AGELOSS FIRST DAY INFLAMMATION RESPONSE","Nature's Plus","nature-s-plus-ageloss-first-day-inflammation-response"
"18491","NATURE'S PLUS AGELOSS KIDNEY SUPPORT","Nature's Plus","nature-s-plus-ageloss-kidney-support"
"23519","NATURE'S PULS PROBIOTIC MEGA","Nature's Plus","nature-s-puls-probiotic-mega"
"28694","NOW C-1000 zinc &D-3","Now Foods","now-c-1000-zinc-d-3"
"28693","NOW FOODS CoQ10 - 100MG","Now Foods","now-foods-coq10-100mg"
"26671","NOW FOODS MAGTEIN MAGNESIUM L-THREONATE","Now Foods","now-foods-magtein-magnesium-l-threonate"
"28673","Now Foods NutraFlora FOS","Now Foods","now-foods-nutraflora-fos"
"28696","NOW Glutathione 250mg","Now Foods","now-glutathione-250mg"
"28709","Now Liquid Chlorophyll mint 4oz","Now Foods","now-liquid-chlorophyll-mint-4oz"
"24494","TERRY NAT. ANXIOCALM","Terry Naturally","terry-nat-anxiocalm"
"28676","Terry Naturally Urinary Tract Intensive Support","Terry Naturally","terry-naturally-urinary-tract-intensive-support"
"28695","THRES. N.AMERICAN OREGANOL ..45OZ P73","North American Herb & Spice","thres-n-american-oreganol-45oz-p73"