"sku","name","brand","category","price","compare_price","weight","inventory","short_description","description","health_categories","images","active","featured"
"HM-HMHERBSCOM","Featured Products","Unknown","General","25","","","50","","","","","true","false"
"HM-PRODUCTS","Shop","Unknown","General","25","","","50","","","","","true","false"
"HM-PRODUCTSCCMPAGINGP2","Shop","Unknown","General","25","","","50","","","","","true","false"
"HM-PRODUCTSCCMPAGINGP3","Shop","Unknown","General","25","","","50","","","","","true","false"
"HM-PRODUCTSCCMPAGINGP4","Shop","Unknown","General","25","","","50","","","","","true","false"
"HM-PRODUCTSCCMPAGINGP5","Shop","Unknown","General","25","","","50","","","","","true","false"
"HM-PRODUCTSCCMPAGINGP6","Shop","Unknown","General","25","","","50","","","","","true","false"
"HM-PRODUCTSCCMPAGINGP7","Shop","Unknown","General","25","","","50","","","","","true","false"
"HM-PRODUCTSCCMPAGINGP8","Shop","Unknown","General","25","","","50","","","","","true","false"
"HM-PRODUCTSCCMPAGINGP9","Shop","Unknown","General","25","","","50","","","","","true","false"
"HM-PRODUCTSCCMPAGINGP10","Shop","Unknown","General","25","","","50","","","","","true","false"
"HM-ADVANCEDBLOODPRESSURECHERRY","ADVANCED BLOOD PRESSURE SUPPORT SKU: 12414","Unknown","General","25","","","50","","","Blood Pressure","","true","false"
"HM-OURFATHERSHEALINGHERBSHEALINGANTISEPTICSALVE2OZ","Our Father's Healing Herbs Healing Antiseptic Salve 2oz SKU: HS-03","Unknown","General","25","","","50","","","Weight Management","","true","false"
"HM-PERRINSBUY2CREMECOMPLETE","Perrin's Creme Complete Scent of Rose SKU: 654","Unknown","General","25","","","50","","","","","true","false"
"HM-1LIFESCIENCEGLP1PRO","1 Life Science GLP-1 PRO SKU: 25407","Unknown","General","25","","","50","","","","","true","false"
"HM-31NITRICOXIDEBOOSTERPREWORKOUT1","3 in 1 Nitric Oxide Booster SKU: 27967","Unknown","General","25","","","50","","","","","true","false"
"HM-5DAYFORECASTMEN","5 Day Forecast 1600mg - Free Shipping SKU: 05284","Unknown","General","25","","","50","","","","","true","false"
"HM-31NITRICOXIDEBOOSTERWORKOUTCHERRY","5X Extra Strength L-Arginine L-citrulline SKU: 03215","Unknown","General","25","","","50","","","","","true","false"
"HM-CGRACEUNIQUEETOCOTRIENOL","A C Grace Tocotrienol - Free Shipping SKU: 90TOC","Unknown","General","25","","","50","","","","","true","false"
"HM-CGRACEUNIQUEE180SG","A C Grace Unique E 180 SG - Free Shipping SKU: 28011","Unknown","General","25","","","50","","","","","true","false"
"HM-ADAMSPROSTATECARE","ADAM'S PROSTATE CARE SKU: 19109","Unknown","General","25","","","50","","","Men's Health","","true","false"
"HM-AIVIACARBBLOCKER","Aivia Carb Blocker SKU: 22995","Unknown","General","25","","","50","","","","","true","false"
"HM-APSMESOMORPHROCKETPOP","APS Mesomorph Rocket Pop SKU: APMESV3RP","Unknown","General","25","","","50","","","","","true","false"
"HM-EDSATEST","ASSOCIATION OF NATURAL HEALTH EDSA BIOFEEDBACK TESTING SKU: 51302","Unknown","General","25","","","50","","","","","true","false"
"HM-BIGBANG","Big Bang Male Enhancement - Free Shipping SKU: 28617","Unknown","General","25","","","50","","","Men's Health","","true","false"
"HM-BIONEURIXAMORYN","BioNeurix Amoryn SKU: 13431","Unknown","General","25","","","50","","","","","true","false"
"HM-BIONEURIXSEREDYN","BioNeurix Seredyn SKU: 13433","Unknown","General","25","","","50","","","","","true","false"
"HM-BURIEDTREASUREACFEXTSTRENGTHPM","BURIED TREASURE ACF EXT STRENGTH PM SKU: 28711","Unknown","General","25","","","50","","","","","true","false"
"HM-BURIEDTREASUREACFPM","BURIED TREASURE ACF PM SKU: 28710","Unknown","General","25","","","50","","","","","true","false"
"HM-HERBSHOPCARDIO911BEETSPLUS","Cardio 911 Beets Plus Capsules SKU: 17995","Unknown","General","25","","","50","","","","","true","false"
"HM-CARDIO911","CARDIO 911 POWDER SKU: 16196","Unknown","General","25","","","50","","","","","true","false"
"HM-31NITRICOXIDEBOOSTERWORKOUTCHERRY1","Cardio Amaze Nitric Oxide SKU: 00060","Unknown","General","25","","","50","","","","","true","false"
"HM-PRODUCTSCCMPAGINGP2CCMORDERBYALPHACCMORDERBYDIRECTIONASC","Shop","Unknown","General","25","","","50","","","","","true","false"
"HM-PRODUCTSCCMPAGINGP3CCMORDERBYALPHACCMORDERBYDIRECTIONASC","Shop","Unknown","General","25","","","50","","","","","true","false"
"HM-PRODUCTSCCMPAGINGP4CCMORDERBYALPHACCMORDERBYDIRECTIONASC","Shop","Unknown","General","25","","","50","","","","","true","false"
"HM-PRODUCTSCCMPAGINGP5CCMORDERBYALPHACCMORDERBYDIRECTIONASC","Shop","Unknown","General","25","","","50","","","","","true","false"
"HM-PRODUCTSCCMPAGINGP6CCMORDERBYALPHACCMORDERBYDIRECTIONASC","Shop","Unknown","General","25","","","50","","","","","true","false"
"HM-PRODUCTSCCMPAGINGP7CCMORDERBYALPHACCMORDERBYDIRECTIONASC","Shop","Unknown","General","25","","","50","","","","","true","false"
"HM-PRODUCTSCCMPAGINGP37CCMORDERBYALPHACCMORDERBYDIRECTIONASC","Shop","Unknown","General","25","","","50","","","","","true","false"
"HM-CARDIOAMAZEORGANICBEETROOTPOWDERMANGO","Cardio Amaze-EDTA Powder SKU: 27892","Unknown","General","25","","","50","","","","","true","false"
"HM-CARLSONSALMONOIL500MGOMEGA3","CARLSON SALMON OIL COMPLETE 700MG SKU: 28510","Unknown","General","25","","","50","","","","","true","false"
"HM-DMSOROSESCENTEDCREAMALOE2OZ2","DMSO Rose Scented Cream SKU: 28604","Unknown","General","25","","","50","","","","","true","false"
"HM-DMSOROSESCENTEDCREAMALOE2OZ1","DMSO Rose Scented Cream 4oz SKU: 1147","Unknown","General","25","","","50","","","","","true","false"
"HM-DOCTORSBLEND51IMMUNEBO","Doctor's Blend 5 in 1 Immune Booster SKU: 58532","Unknown","General","25","","","50","","","Immune Support","","true","false"
"HM-DOCTORSBLENDADVANCEDJOINTRELIEF","Doctor's Blend Advanced Joint Relief SKU: 8564","Unknown","General","25","","","50","","","Joint & Arthritis","","true","false"
"HM-DOCTORSBLENDBERBERINE","Doctor's Blend Berberine SKU: 8581","Unknown","General","25","","","50","","","","","true","false"
"HM-DOCTORSBLENDBLOODSUGAR","Doctor's Blend Blood Sugar Support SKU: 8075","Unknown","General","25","","","50","","","","","true","false"
"HM-DOCTORSBLENDD3PLUSK2","Doctor's Blend D3+K2 SKU: 58172","Unknown","General","25","","","50","","","","","true","false"
"HM-DOCTORSBLENDIRISHSEAMOSS","Doctor's Blend Irish Sea Moss SKU: 7210","Unknown","General","25","","","50","","","","","true","false"
"HM-DOCTORSBLENDLIPOSOMALVITAMI","Doctor's Blend Liposomal Vitamin C SKU: 9850","Unknown","General","25","","","50","","","","","true","false"
"HM-DOCTORSBLENDRMORINGA","Doctor's Blend Moringa SKU: 5848","Unknown","General","25","","","50","","","","","true","false"
"HM-DOCTORSBLENDNUTRISORB1","Doctor's Blend Nutri-Sorb SKU: 8562","Unknown","General","25","","","50","","","","","true","false"
"HM-DOCTORSBLENDOMEGA3FISHOIL","Doctor's Blend Omega 3 Fish Oil SKU: 2405","Unknown","General","25","","","50","","","","","true","false"
"HM-DOCTORSBLENDPROSTATECARE","Doctor's Blend Prostate Care Formula SKU: 6065","Unknown","General","25","","","50","","","Men's Health","","true","false"
"HM-DOCTORSBLENDQUERCETINPLUS","Doctor's Blend Quercetin Plus SKU: 2229","Unknown","General","25","","","50","","","","","true","false"
"HM-DOCTORSBLENDREDSANDGREENSCOMPLETE","Doctor's Blend Reds & Greens Complete SKU: 8513","Unknown","General","25","","","50","","","","","true","false"
"HM-DOCTORSBLENDRESVERATROLPLUS","Doctor's Blend Resveratrol Plus SKU: 69875","Unknown","General","25","","","50","","","","","true","false"
"HM-DOCTORSBLENDSHILAJIT","Doctor's Blend Shilajit SKU: 88553","Unknown","General","25","","","50","","","","","true","false"
"HM-DOCTORSBLENDTURMERICCURCUMI","Doctor's Blend Turmeric Curcumin SKU: 17828","Unknown","General","25","","","50","","","","","true","false"
"HM-DOCTORSBLENDVIDATHRIVE","Doctor's Blend VidaThrive Multivitamin SKU: 50940","Unknown","General","25","","","50","","","","","true","false"
"HM-PRODUCTSCCMPAGINGP1CCMORDERBYALPHACCMORDERBYDIRECTIONASC","Shop","Unknown","General","25","","","50","","","","","true","false"
"HM-DOCTORSBLENDVYDRATE","Doctor's Blend Vydrate Powder SKU: 1396","Unknown","General","25","","","50","","","","","true","false"
"HM-DOCTORBLENDTESTOACCEL1","Doctor’s Blend Testo Accel 224 SKU: 27419","Unknown","General","25","","","50","","","","","true","false"
"HM-DOCTORSBLENDTOTALBRAINBALANCE","Doctor’s Blend Total Brain Balance SKU: 28522","Unknown","General","25","","","50","","","Brain Health","","true","false"
"HM-DRTONYSADRENALPLUS","Dr. Tony's Adrenal Plus SKU: 33430","Unknown","General","25","","","50","","","","","true","false"
"HM-DRTONYSBLOODPRESSURESUPPORT","Dr. Tony's Blood Pressure Support","Unknown","General","25","","","50","","","Blood Pressure","","true","false"
"HM-DRTONYSBLOODSUGAR","Dr. Tony's Blood Sugar SKU: 27842","Unknown","General","25","","","50","","","","","true","false"
"HM-DRTONYSCHOLESTEROLPLUS","Dr. Tony's Cholesterol Plus SKU: 00025","Unknown","General","25","","","50","","","","","true","false"
"HM-DRTONYSPOMEGRANATEPLUS1","Dr. Tony's Pomegranate Plus SKU: 21516","Unknown","General","25","","","50","","","","","true","false"
"HM-DRTONYSRADIANTGREENSNATURAL","Dr. Tony's Radiant Greens Natural SKU: 21008","Unknown","General","25","","","50","","","","","true","false"
"HM-DRTONYSRADIANTGREENSTROPICAL1","Dr. Tony's Radiant Greens Tropical - Free Shipping SKU: 21623","Unknown","General","25","","","50","","","","","true","false"
"HM-EDOMCHIROKLENZWGREENTEA","Edom Chiro Klenz W/Green Tea SKU: 16627","Unknown","General","25","","","50","","","","","true","false"
"HM-EDOMCHIROKLENZCINNAMON","Edom Labs Chiro Klenz Tea Cinnamon SKU: E286C-0001","Unknown","General","25","","","50","","","","","true","false"
"HM-EDOMCHIROKLENZLEMON","Edom Labs Chiro-Klenz Tea Lemon SKU: E286L-0001","Unknown","General","25","","","50","","","","","true","false"
"HM-EDOMCHIROKLENZORIGINAL","Edom Labs Chiro-Klenz Tea Original SKU: E286-0001","Unknown","General","25","","","50","","","","","true","false"
"HM-ENZYMEDICABERBERINE","Enzymedica Berberine SKU: 10085","Unknown","General","25","","","50","","","Digestive Health","","true","false"
"HM-ENZYMEDICAENZYMEDEFENSEVIRASTOP","Enzymedica Defense Regular Strength SKU: 98140","Unknown","General","25","","","50","","","Digestive Health,Immune Support","","true","false"
"HM-ENZYMEDICADEFENSEEXTSTR2","Enzymedica's Immune Defense Extra Strength SKU: 29080","Unknown","General","25","","","50","","","Digestive Health,Immune Support","","true","false"
"HM-ENZYMEDICANATTOK1","Enzymedica's Natto-K SKU: 22090","Unknown","General","25","","","50","","","Digestive Health","","true","false"
"HM-EQUALIZERUNSCENTED","Equalizer Plus Arthritis Relief Cream w/Peppermint SKU: 28628","Unknown","General","25","","","50","","","Joint & Arthritis","","true","false"
"HM-HMEQUALIZER","Equalizer Plus Cream Original Unscented SKU: 9994","Unknown","General","25","","","50","","","","","true","false"
"HM-HMEVESGENERATIONALFORMULA1","EVE'S GENERATIONAL FORMULA SKU: EVE2OZ3","Unknown","General","25","","","50","","","","","true","false"
"HM-FLEXCINCM8LOADFORMULA1","Flexcin CM8 Load-Up Formula SKU: 16651","Unknown","General","25","","","50","","","","","true","false"
"HM-FLEXCINWCM8","Flexcin With CM8 SKU: FL901","Unknown","General","25","","","50","","","","","true","false"
"HM-FORMORCARDIOCOCKTAIL32OZ","ForMor Cardio Cocktail 32 oz SKU: 612","Unknown","General","25","","","50","","","","","true","false"
"HM-FOSTERREGALVALERINAMPM","Foster Regal Relax AM-PM SKU: 6062","Unknown","General","25","","","50","","","","","true","false"
"HM-GLOBALHEALINGASHWAGANDHA","Global Healing Ashwagandha SKU: ASH-2OZ","Unknown","General","25","","","50","","","","","true","false"
"HM-GLOBALHEALINGCANDIDABALANCE","Global Healing Candida Balance SKU: 27244","Unknown","General","25","","","50","","","","","true","false"
"HM-GLOBALHEALINGOXYPOWDER","Global Healing Oxy-Powder SKU: 27120","Unknown","General","25","","","50","","","","","true","false"
"HM-GLOBALHEALINGTOXINBINDER","Global Healing Toxin Binder SKU: 27612","Unknown","General","25","","","50","","","","","true","false"
"HM-THRESGLOBALHEALINGVITAMINDPLANTBASED","Global Healing Vitamin D3 Plant Based SKU: VD3-2OZ","Unknown","General","25","","","50","","","","","true","false"
"HM-THRESGLOBALHEALINGWOMENSHORMONEBALANCE","Global Healing Women’s Hormone Balance SKU: 25986","Unknown","General","25","","","50","","","Women's Health,Men's Health","","true","false"
"HM-HIGHLANDLABSGOOUTPLEX","Go Out Plex Go Out Extra Strength SKU: 1008","Unknown","General","25","","","50","","","","","true","false"
"HM-HMHAPPYPMSCREAMJAR2","HAPPY PMS CREAM SKU: 14202","Unknown","General","25","","","50","","","","","true","false"
"HM-HMHAPPYPMSCREAMJAR1","Happy PMS Jar SKU: 0036","Unknown","General","25","","","50","","","","","true","false"
"HM-HEMPBOMBSCBDGUMMIESMUSHROOM","Hemp Bombs CBD Gummies W/Mushroom SKU: 51265","Unknown","General","25","","","50","","","","","true","false"
"HM-HERBSLIFECBDGUMMIES30MG","Herbs For Life CBD Gummies 30mg SKU: 04592","Unknown","General","25","","","50","","","","","true","false"
"HM-HERBSLIFECBDGUMMIESSLEEP","Herbs For Life CBD Gummies Sleep SKU: 58172-CB","Unknown","General","25","","","50","","","Sleep Support","","true","false"
"HM-REGALABSDELTA8GUMMIES","HERBS FOR LIFE DELTA 8 GUMMIES SKU: 4778","Unknown","General","25","","","50","","","","","true","false"
"HM-HERBSLIFEDELTA9GUMMIES","Herbs For Life Delta 9 Gummies 10mg Ea. SKU: 08851","Unknown","General","25","","","50","","","","","true","false"
"HM-HITECHBLACKWIDOWWEPHEDRA","Hi Tech Black Widow w/Ephedra SKU: 0057","Unknown","General","25","","","50","","","","","true","false"
"HM-HITECHLIPODRENEWEPHEDRA","Hi Tech Lipodrene W/Ephedra SKU: 13513","Unknown","General","25","","","50","","","","","true","false"
"HM-HITECHPHARMACEUTICALBLACKWIDOWWEPHEDRA","HI TECH PHARMACEUTICAL BLACK WIDOW W/EPHEDRA SKU: 16461","Unknown","General","25","","","50","","","","","true","false"
"HM-HITECHPHARMACEUTICALSTIMEREXESWEPHEDRA","Hi Tech Stimerex ES with Ephedra SKU: 14209","Unknown","General","25","","","50","","","","","true","false"
"HM-HITECHPHARMACEUTICALHELLFIREWEPHEDRAEXTRACT","Hi-Tech Pharmaceuticals Hellfire W/ Ephedra SKU: 27894","Unknown","General","25","","","50","","","","","true","false"
"HM-HIGHLANDLABSGOOUTDAILYMAINTENANCE","Highland Labs Go Out Plex Daily Maintenance SKU: A1008","Unknown","General","25","","","50","","","","","true","false"
"HM-HIPPIEJACKSCBDEXTREMECREAM","Hippie Jack's CBD Extreme 1000mg Pain Cream SKU: 2816","Unknown","General","25","","","50","","","","","true","false"
"HM-HIPPIEJACKSYUMMYHEMPGUMMIE","HIPPIE JACK'S YUMMY HEMP GUMMIE SKU: 62813","Unknown","General","25","","","50","","","","","true","false"
"HM-HOSTDEFENSECHAGA","Host Defense Chaga SKU: NCI060","Unknown","General","25","","","50","","","Immune Support","","true","false"
"HM-HOSTDEFENSECORDYCEPS1","Host Defense Cordyceps SKU: 26449","Unknown","General","25","","","50","","","Immune Support","","true","false"
"HM-HOSTDEFENSECORDYCEPS","Host Defense Cordyceps NCCS60 SKU: NCCS60","Unknown","General","25","","","50","","","Immune Support","","true","false"
"HM-HOSTDEFENSEREISHI","Host Defense Reishi Capsules SKU: NCGL60","Unknown","General","25","","","50","","","Immune Support","","true","false"
"HM-HOSTDEFENSETURKEYTAIL2","Host Defense Turkey Tail SKU: 26445","Unknown","General","25","","","50","","","Immune Support","","true","false"
"HM-HOSTDEFENSETURKEYTAIL3","Host Defense Turkey Tail SKU: 26864","Unknown","General","25","","","50","","","Immune Support","","true","false"
"HM-HOSTDEFENSETURKEYTAIL","Host Defense Turkey Tail SKU: NXTV2","Unknown","General","25","","","50","","","Immune Support","","true","false"
"HM-IRWINLIBIDOMAXRED","Irwin Libido Max Red SKU: 28706","Unknown","General","25","","","50","","","","","true","false"
"HM-IRWINMAGNESIUMPM","Irwin Magnesium PM SKU: 28708","Unknown","General","25","","","50","","","","","true","false"
"HM-IRWINMAGNESIUMWMILKTHISTLEANDTURMERIC","Irwin Magnesium w/Milk thistle & Turmeric SKU: 28707","Unknown","General","25","","","50","","","","","true","false"
"HM-REGALABSLEGENDBOTTLE","Legend Male Enhancement - Free Shipping SKU: 5031","Unknown","General","25","","","50","","","Men's Health","","true","false"
"HM-LIFEEXT","Life Ext SKU: 28701","Unknown","General","25","","","50","","","","","true","false"
"HM-LIFEEXTHUPERZINE","Life Ext Huperzine A SKU: 28702","Unknown","General","25","","","50","","","","","true","false"
"HM-LIFEEXTDLPHENYLALANINE500MG","LIfe Ext D L-Phenylalanine 500mg SKU: 28703","Unknown","General","25","","","50","","","","","true","false"
"HM-LIFEEXTENHANCEDSLEEP","Life Ext Enhanced Sleep SKU: 28704","Unknown","General","25","","","50","","","Sleep Support","","true","false"
"HM-PRODUCTSCCMPAGINGP8CCMORDERBYALPHACCMORDERBYDIRECTIONASC","Shop","Unknown","General","25","","","50","","","","","true","false"
"HM-LIFEEXTIMMUNEPACKSCDZINEPROBIOTIC","Life Ext Immune Packs C D Zine Probiotic SKU: 28705","Unknown","General","25","","","50","","","Digestive Health,Immune Support","","true","false"
"HM-LIFEEXTVITAMINB3NIACIN","Life Ext Vitamin B3 Niacin SKU: 28700","Unknown","General","25","","","50","","","","","true","false"
"HM-LIFEEXTENSIONVITAMINCLIPOSOMAL","Life Extension Vitamin C liposomal SKU: 28686","Unknown","General","25","","","50","","","","","true","false"
"HM-LIFEFLOMAGNESIUMOILSPRAYALOEVERA","LIFE-FLO MAGNESIUM OIL SPRAY With aloe vera SKU: 28698","Unknown","General","25","","","50","","","","","true","false"
"HM-LIFEFLOPUREMAGNESIUMOILSPRAY","LIFE-FLO PURE MAGNESIUM OIL SPRAY SKU: 28697","Unknown","General","25","","","50","","","","","true","false"
"HM-LIFEFORTUNEIMMUNEPRO6","Life's Fortune Immune Pro-6 SKU: 30460","Unknown","General","25","","","50","","","Immune Support","","true","false"
"HM-LIFEFORTUNEVITAMINLIQUID","Life's Fortune Liquid Vitamin SKU: 99","Unknown","General","25","","","50","","","","","true","false"
"HM-LIFEFORTUNESUPERGLUCOSAMAX","Life's Fortune Super Glucosamine SKU: 000106","Unknown","General","25","","","50","","","","","true","false"
"HM-LIFEFORTUNEULTRAPUREOMEGA31","Life's Fortune Ultra Pure Meg-3 Fish Oil SKU: 111","Unknown","General","25","","","50","","","","","true","false"
"HM-LIFEFORTUNEVITAMINS2","Life's Fortune Vitamins 180 Tablets SKU: 102","Unknown","General","25","","","50","","","","","true","false"
"HM-LITEBURNDIETPILLS","Lite Burn Diet Pill SKU: 19817","Unknown","General","25","","","50","","","Weight Management","","true","false"
"HM-MDSCIENCEMAXLOAD1","M D Science Swiss Navy Max Load SKU: 18507","Unknown","General","25","","","50","","","","","true","false"
"HM-MDSCIENCESWISSNAVYMAXHARD","M.D. Science Swiss Navy Max Hard SKU: 15343","Unknown","General","25","","","50","","","","","true","false"
"HM-MDSCIENCESWISSNAVYMAXSIZE","MD Swiss Navy Max Size Male SKU: 27975","Unknown","General","25","","","50","","","Men's Health","","true","false"
"HM-REGALABSME72","Me 72 Extreme Male Enhancement - Free Shipping SKU: 6389","Unknown","General","25","","","50","","","Men's Health","","true","false"
"HM-MICHAELSFEMALEREPRODUCTIVE","MICHAEL'S HEALTH FEMALE REPRODUCTIVE SKU: 01275","Unknown","General","25","","","50","","","Women's Health,Men's Health","","true","false"
"HM-MICHAELSLNG","MICHAEL'S HEALTH LNG SKU: 01031","Unknown","General","25","","","50","","","","","true","false"
"HM-MICHAELSLUNGFACTORS","MICHAEL'S HEALTH LUNG FACTOR'S SKU: 10281","Unknown","General","25","","","50","","","Respiratory Health","","true","false"
"HM-MICHAELSTESTOSTERONEFACTORS","MICHAEL'S HEALTH TESTOSTERONE FACTORS SKU: 31007","Unknown","General","25","","","50","","","Men's Health","","true","false"
"HM-MICHAELSWOMENCHANGE","Michael's Health Women Change SKU: 01284","Unknown","General","25","","","50","","","Women's Health,Men's Health","","true","false"
"HM-MICHAELSKIDNEYFACTORS","MICHAEL'S KIDNEY FACTOR'S SKU: 15001","Unknown","General","25","","","50","","","","","true","false"
"HM-PRODUCTSCCMPAGINGP9CCMORDERBYALPHACCMORDERBYDIRECTIONASC","Shop","Unknown","General","25","","","50","","","","","true","false"
"HM-CARDIOAMAZEMORINGVITAMINSDAILYPOWDERDRINKCHERRY1","Morning Daily Powder Drink SKU: 02020","Unknown","General","25","","","50","","","","","true","false"
"HM-NATURALBALANCEALKAMAX","Natural Balance AlkaMax SKU: 0682","Unknown","General","25","","","50","","","","","true","false"
"HM-NATURALBALANCEALKAMAX1","Natural Balance AlkaMax SKU: 0418","Unknown","General","25","","","50","","","","","true","false"
"HM-NATURALBALANCEHAPPYCAMPER2","NATURAL BALANCE HAPPY CAMPER SKU: 13148","Unknown","General","25","","","50","","","","","true","false"
"HM-NATURESBALANCECHLORELLA","Nature's Balance Chlorella SKU: NBC20-P","Unknown","General","25","","","50","","","","","true","false"
"HM-NATURESBALANCECYCHROMAX","Nature's Balance CyChroMax SKU: NBCY-P","Unknown","General","25","","","50","","","","","true","false"
"HM-NATURESPLUSAGELOSSEYESUPPORT","NATURE'S PLUS AGELOSS EYE SUPPORT SKU: 18615","Unknown","General","25","","","50","","","Eye Health","","true","false"
"HM-NATURESPAGELOSSEYESUPPORT","NATURE'S PLUS AGELOSS EYE SUPPORT SKU: 8010","Unknown","General","25","","","50","","","Eye Health","","true","false"
"HM-NATURESPAGELOSSFIRSTDAY","Nature's Plus Ageloss First Day SKU: 8003","Unknown","General","25","","","50","","","","","true","false"
"HM-NATURESPLUSAGELOSSFIRSTDAYINFLAMMATIONRESPONSE","NATURE'S PLUS AGELOSS FIRST DAY INFLAMMATION RESPONSE SKU: 18103","Unknown","General","25","","","50","","","Joint & Arthritis","","true","false"
"HM-NATURESPAGELOSSJOINT","NATURE'S PLUS AGELOSS JOINT SUPPORT SKU: 8012","Unknown","General","25","","","50","","","Joint & Arthritis","","true","false"
"HM-NATURESPLUSAGELOSSKIDNEYSUPPORT","NATURE'S PLUS AGELOSS KIDNEY SUPPORT SKU: 18491","Unknown","General","25","","","50","","","","","true","false"
"HM-NATURESPAGELOSSLUNG","NATURE'S PLUS AGELOSS LUNG SUPPORT SKU: 8005","Unknown","General","25","","","50","","","Respiratory Health","","true","false"
"HM-NATURESPAGELOSSMENSMULTI","NATURE'S PLUS AGELOSS MEN'S MULTI SKU: 8001","Unknown","General","25","","","50","","","Men's Health","","true","false"
"HM-NATURESPAGELOSSREJUVABOLIC","Nature's Plus Ageloss Rejuvabolic SKU: 8024","Unknown","General","25","","","50","","","","","true","false"
"HM-NATURESPAGELOSSSLEEP","Nature's Plus Ageloss Sleep Support SKU: 8023","Unknown","General","25","","","50","","","Sleep Support","","true","false"
"HM-NATURESPAGELOSSWOMENSMUL","NATURE'S PLUS AGELOSS WOMEN'S MULTI SKU: 8002","Unknown","General","25","","","50","","","Women's Health,Men's Health","","true","false"
"HM-NATURESPGINATURALBILAYER","NATURE'S PLUS GI NATURAL BI-LAYER SKU: 4386","Unknown","General","25","","","50","","","","","true","false"
"HM-NATURESPIMMUNE","NATURE'S PLUS IMMUNE SKU: 1068","Unknown","General","25","","","50","","","Immune Support","","true","false"
"HM-NATURESPLUSULTRAVIRILEACTIN","Nature's Plus Ultra Virile-Actin SKU: 4870","Unknown","General","25","","","50","","","","","true","false"
"HM-NATURESPULSPROBIOTICMEGA","NATURE'S PULS PROBIOTIC MEGA SKU: 23519","Unknown","General","25","","","50","","","Digestive Health","","true","false"
"HM-PRODUCTSCCMPAGINGP10CCMORDERBYALPHACCMORDERBYDIRECTIONASC","Shop","Unknown","General","25","","","50","","","","","true","false"
"HM-NATURESPPROBIOTICMEN","NATURE'S PULS PROBIOTIC MEN SKU: 43904","Unknown","General","25","","","50","","","Digestive Health,Men's Health","","true","false"
"HM-NATURESSUNSHINE5HTPPOWER","Nature's Sunshine 5-HTP Power SKU: 2806","Unknown","General","25","","","50","","","","","true","false"
"HM-NS5W","Nature's Sunshine 5-W SKU: 1120","Unknown","General","25","","","50","","","","","true","false"
"HM-NATURESSUNSHINE7KETO","Nature's Sunshine 7-Keto SKU: 15336","Unknown","General","25","","","50","","","","","true","false"
"HM-NATURESSUNSHINEADRENAL","Nature's Sunshine Adrenal SKU: 13382","Unknown","General","25","","","50","","","","","true","false"
"HM-NSALGIN","Nature's Sunshine Algin SKU: 675","Unknown","General","25","","","50","","","","","true","false"
"HM-NSANTIGASCHINESE","Nature's Sunshine Anti-Gas Chinese SKU: 1869","Unknown","General","25","","","50","","","","","true","false"
"HM-NSANTIGASFORMULAWLOBELIA","Nature's Sunshine Anti-Gas Formula SKU: 1198","Unknown","General","25","","","50","","","","","true","false"
"HM-NATURESSUNSHINEANTIGASCHINESETCMCONCENTRATE","Nature's Sunshine Anti-Gas TCM Concentrate SKU: 1018","Unknown","General","25","","","50","","","","","true","false"
"HM-NSAPSII","Nature's Sunshine APS II SKU: 780","Unknown","General","25","","","50","","","","","true","false"
"HM-NATURESSUNSHINEASHWAGANDHA","Nature's Sunshine Ashwagandha SKU: 22385","Unknown","General","25","","","50","","","","","true","false"
"HM-NSBACILLUSCOAGULANS","Nature's Sunshine Bacillus Coagulans SKU: 6109","Unknown","General","25","","","50","","","","","true","false"
"HM-NATURESSUNSHINEBAYBERRY","Nature's Sunshine Bayberry SKU: 60","Unknown","General","25","","","50","","","","","true","false"
"HM-NATURESSUNSHINEBILLBERRYFRUITCONCENTRATE","Nature's Sunshine Bilberry Fruit Concentrate SKU: 74","Unknown","General","25","","","50","","","","","true","false"
"HM-NSBLACKWALNUTATCCON","Nature's Sunshine Black Walnut ATC Concentrate SKU: 93","Unknown","General","25","","","50","","","","","true","false"
"HM-NATURESSUNSHINEBLACKWALNUTCAPSULES","Nature's Sunshine Black Walnut Capsules SKU: 11512","Unknown","General","25","","","50","","","","","true","false"
"HM-NSBLOODPRESSUREX","Nature's Sunshine Blood Pressurex SKU: 554","Unknown","General","25","","","50","","","Blood Pressure","","true","false"
"HM-NATURESSUNSHINEBLOODPRESSUREX","NATURE'S SUNSHINE BLOOD PRESSUREX SKU: 25619","Unknown","General","25","","","50","","","Blood Pressure","","true","false"
"HM-NSDHA","Nature's Sunshine DHA SKU: 1513","Unknown","General","25","","","50","","","","","true","false"
"HM-NSHERBALTRACEMINERALS","Nature's Sunshine Herbal Trace Minerals SKU: 980","Unknown","General","25","","","50","","","","","true","false"
"HM-NSNUTRICALM","Nature's Sunshine Nutri-Calm SKU: 1617","Unknown","General","25","","","50","","","Stress & Anxiety","","true","false"
"HM-PRODUCTSCCMPAGINGP11CCMORDERBYALPHACCMORDERBYDIRECTIONASC","Shop","Unknown","General","25","","","50","","","","","true","false"
"HM-NATURESPAGELOSSLIVER1","Natures Plus AgeLoss Liver Support SKU: 8009","Unknown","General","25","","","50","","","Liver Support","","true","false"
"HM-NATURESPAGELOSSPROSTATE","Natures Plus AgeLoss Prostate Support SKU: 8007","Unknown","General","25","","","50","","","Men's Health","","true","false"
"HM-NATURESPLUSGHTMALE","Natures Plus GHT Male SKU: 17757","Unknown","General","25","","","50","","","Men's Health","","true","false"
"HM-NATURESPPROBIOTICWOMEN","NaturesPlus GI Natural Probiotic Women SKU: 43906","Unknown","General","25","","","50","","","Digestive Health,Women's Health,Men's Health","","true","false"
"HM-NEWTONLABSPETSBLADDERANDKIDNEY","NEWTON HOMEOPATHIC PETS BLADDER & KIDNEYS SKU: 28361","Unknown","General","25","","","50","","","Pet Health","","true","false"
"HM-NEWTONLABSPETSBOWELANDDIGESTIVECARE","NEWTON HOMEOPATHIC PETS BOWEL & DIGESTION CARE SKU: 28364","Unknown","General","25","","","50","","","Digestive Health,Pet Health","","true","false"
"HM-NEWTONLABSPETSCOUGHANDAIRWAY1OZLIQUIDDROPPER","NEWTON HOMEOPATHIC PETS COUGH & AIRWAY SKU: 28367","Unknown","General","25","","","50","","","Pet Health","","true","false"
"HM-NEWTONLABSKIDSAIRWAYEASE","Newton Homeopathics Kids Airway Ease SKU: 28249","Unknown","General","25","","","50","","","","","true","false"
"HM-NEWTONLABSKIDSALLERGIES","Newton Homeopathics Kids Allergies SKU: 28267","Unknown","General","25","","","50","","","Allergies","","true","false"
"HM-NEWTONLABSPETSDETOXIFIER","Newton Homeopathics Pets Detoxifier SKU: 28370","Unknown","General","25","","","50","","","Pet Health,Liver Support","","true","false"
"HM-NEWTONLABSPETSDIARRHEAANDGAS","Newton Homeopathics Pets Diarrhea & Gas SKU: 28373","Unknown","General","25","","","50","","","Pet Health","","true","false"
"HM-NEWTONLABSPETSDOGGYBREATH","Newton Homeopathics Pets Doggy Breath SKU: 28376","Unknown","General","25","","","50","","","Pet Health","","true","false"
"HM-NEWTONLABSPETSEARCARE","Newton Homeopathics Pets Ear Care SKU: 28379","Unknown","General","25","","","50","","","Pet Health","","true","false"
"HM-NEWTONLABSPETSENERGYVITALITY","Newton Homeopathics Pets Energy-Vitality SKU: 28382","Unknown","General","25","","","50","","","Energy & Vitality,Pet Health","","true","false"
"HM-NEWTONLABSPETSEYECARE","Newton Homeopathics Pets Eye Care SKU: 28385","Unknown","General","25","","","50","","","Pet Health,Eye Health","","true","false"
"HM-NEWTONLABSPETSFLEAANDBUGBITES","Newton Homeopathics Pets Flea & Bug Bites SKU: 28391","Unknown","General","25","","","50","","","Pet Health","","true","false"
"HM-NEWTONLABSPETSINFLAMMATION","Newton Homeopathics Pets Inflammation SKU: 28394","Unknown","General","25","","","50","","","Joint & Arthritis,Pet Health","","true","false"
"HM-NEWTONLABSPETSINJURYRESCUE","Newton Homeopathics Pets Injury Rescue SKU: 28397","Unknown","General","25","","","50","","","Pet Health","","true","false"
"HM-NEWTONLABSPETSNERVOUSNESSFEAR","Newton Homeopathics Pets Nervousness Fear SKU: 28400","Unknown","General","25","","","50","","","Pet Health","","true","false"
"HM-NEWTONLABSPETSPARASI","Newton Homeopathics Pets Para Si SKU: 28403","Unknown","General","25","","","50","","","Pet Health","","true","false"
"HM-NEWTONLABSPETSRHEUMATICCARE","Newton Homeopathics Pets Rheumatic - Care SKU: 28406","Unknown","General","25","","","50","","","Pet Health","","true","false"
"HM-PRODUCTSCCMPAGINGP12CCMORDERBYALPHACCMORDERBYDIRECTIONASC","Shop","Unknown","General","25","","","50","","","","","true","false"
"HM-NEWTONLABSPETSSCOOTSTOPPER","Newton Homeopathics Pets Scoot Stopper SKU: 28409","Unknown","General","25","","","50","","","Pet Health","","true","false"
"HM-NEWTONLABSPETSSKINCARE","Newton Homeopathics Pets Skin Care SKU: 28412","Unknown","General","25","","","50","","","Pet Health,Skin Health","","true","false"
"HM-NEWTONLABSACHESPAIN","Newton Lab's Aches - Pain SKU: 28073","Unknown","General","25","","","50","","","","","true","false"
"HM-NEWTONHOMEOPATHICSACCIDENTRESCUE","Newton Labs Accident Rescue SKU: 28082","Unknown","General","25","","","50","","","","","true","false"
"HM-NEWTONLABSACNE","Newton Labs Acne SKU: 28085","Unknown","General","25","","","50","","","","","true","false"
"HM-NEWTONLABSALLERGIES1","Newton Labs Allergies SKU: 28077","Unknown","General","25","","","50","","","Allergies","","true","false"
"HM-NEWTONLABSAPPETITECONTROL","Newton Labs Appetite Control SKU: 28089","Unknown","General","25","","","50","","","Pet Health","","true","false"
"HM-NEWTONLABSBLADDERKIDNEY","Newton Labs Bladder~Kidney SKU: 28093","Unknown","General","25","","","50","","","","","true","false"
"HM-NEWTONLABSBLUESANDMOOD","Newton Labs Blues & Mood SKU: 28098","Unknown","General","25","","","50","","","","","true","false"
"HM-NEWTONLABSBOWELDIGESTIVECARE1","Newton Labs Bowel Digestive Care SKU: 28101","Unknown","General","25","","","50","","","Digestive Health","","true","false"
"HM-NEWTONLABSBREASTHELP","Newton Labs Breast Help SKU: 28105","Unknown","General","25","","","50","","","","","true","false"
"HM-NEWTONLABSBUGBITES","Newton Labs Bug Bites SKU: 28109","Unknown","General","25","","","50","","","","","true","false"
"HM-NEWTONLABSCANDIDAY","Newton Labs Candida-Y SKU: 28112","Unknown","General","25","","","50","","","","","true","false"
"HM-NEWTONLABSCELLSALTS","Newton Labs Cell Salts SKU: 28116","Unknown","General","25","","","50","","","","","true","false"
"HM-NEWTONLABSCOLDANDSINUS","Newton Labs Cold & Sinus SKU: 28120","Unknown","General","25","","","50","","","","","true","false"
"HM-NEWTONLABSCOLDHANDSFEET","Newton Labs Cold Hands - Feet SKU: 28124","Unknown","General","25","","","50","","","","","true","false"
"HM-NEWTONLABSCOLDSORES","Newton Labs Cold Sores SKU: 28127","Unknown","General","25","","","50","","","","","true","false"
"HM-NEWTONLABSCONSTIPATION","Newton Labs Constipation SKU: 28130","Unknown","General","25","","","50","","","","","true","false"
"HM-NEWTONLABSCOUGHASTHMA","Newton Labs Cough - Airway SKU: 28134","Unknown","General","25","","","50","","","","","true","false"
"HM-NEWTONLABSDAIRYGRAINNIGHTSHADES","Newton Labs Dairy-Grain-Nightshades SKU: 28138","Unknown","General","25","","","50","","","","","true","false"
"HM-NEWTONLABSDETOXIFIER","Newton Labs Detoxifier SKU: 28143","Unknown","General","25","","","50","","","Liver Support","","true","false"
"HM-PRODUCTSCCMPAGINGP13CCMORDERBYALPHACCMORDERBYDIRECTIONASC","Shop","Unknown","General","25","","","50","","","","","true","false"
"HM-SEARCHQVITAMIN","Search","Unknown","General","25","","","50","","","","","true","false"
"HM-SEARCHQHERB","Search","Unknown","General","25","","","50","","","","","true","false"
"HM-SEARCHQSUPPLEMENT","Search","Unknown","General","25","","","50","","","","","true","false"
"HM-SEARCHQENZYME","Search","Unknown","General","25","","","50","","","","","true","false"
"HM-SEARCHQPROBIOTIC","Search","Unknown","General","25","","","50","","","","","true","false"
"HM-SEARCHQOMEGA","Search","Unknown","General","25","","","50","","","","","true","false"
"HM-SEARCHQCALCIUM","Search","Unknown","General","25","","","50","","","","","true","false"
"HM-SEARCHQMAGNESIUM","Search","Unknown","General","25","","","50","","","","","true","false"
"HM-SEARCHQZINC","Search","Unknown","General","25","","","50","","","","","true","false"
"HM-SEARCHQIRON","Search","Unknown","General","25","","","50","","","","","true","false"